X_IMU,Y_IMU,Y_FR,Z_FR,Clase
-0.11461,-0.08852,8.989393,-1.8158907,0
-0.11342,-0.0892,8.989393,-1.8158907,0
-0.11299,-0.08929,8.989393,-1.8158907,0
-0.1129,-0.08888,8.989393,-1.8158907,0
-0.11344,-0.08842,8.989393,-1.8158907,0
-0.11387,-0.08811,8.989393,-1.8158907,0
-0.11441,-0.08814,8.989393,-1.8158907,0
-0.1149,-0.08836,8.989393,-1.8158907,0
-0.11509,-0.08835,8.989393,-1.8158907,0
-0.11531,-0.08811,8.989393,-1.8158907,0
-0.11527,-0.08779,8.989393,-1.8158907,0
-0.1154,-0.08761,8.989393,-1.8158907,0
-0.11544,-0.0875,8.989393,-1.8158907,0
-0.11537,-0.0874,9.083791,-0.7824709,0
-0.11551,-0.08732,9.083791,-0.7824709,0
-0.11561,-0.08727,9.083791,-0.7824709,0
-0.11574,-0.08737,9.083791,-0.7824709,0
-0.11585,-0.08743,9.083791,-0.7824709,0
-0.11565,-0.08739,9.083791,-0.7824709,0
-0.11554,-0.08735,9.083791,-0.7824709,0
-0.11563,-0.08726,9.083791,-0.7824709,0
-0.1159,-0.08721,9.083791,-0.7824709,0
-0.11627,-0.08705,9.083791,-0.7824709,0
-0.11633,-0.08697,9.083791,-0.7824709,0
-0.11656,-0.08704,9.083791,-0.7824709,0
-0.11674,-0.08704,9.083791,-0.7824709,0
-0.11663,-0.08677,9.083791,-0.7824709,0
-0.11628,-0.08652,9.083791,-0.7824709,0
-0.11597,-0.0864,9.083791,-0.7824709,0
-0.11598,-0.08619,8.324533,-0.93014824,0
-0.11631,-0.086,8.324533,-0.93014824,0
-0.11635,-0.08569,8.324533,-0.93014824,0
-0.117,-0.08525,8.324533,-0.93014824,0
-0.11655,-0.08541,8.324533,-0.93014824,0
-0.11588,-0.08552,8.324533,-0.93014824,0
-0.11504,-0.08576,8.324533,-0.93014824,0
-0.11415,-0.08587,8.324533,-0.93014824,0
-0.11405,-0.08591,8.324533,-0.93014824,0
-0.11439,-0.08598,8.324533,-0.93014824,0
-0.11507,-0.08614,8.324533,-0.93014824,0
-0.11561,-0.08643,8.324533,-0.93014824,0
-0.11571,-0.08676,8.324533,-0.93014824,0
-0.11624,-0.08692,8.324533,-0.93014824,0
-0.11676,-0.08706,8.324533,-0.93014824,0
-0.11723,-0.08734,8.324533,-0.93014824,0
-0.11767,-0.08762,7.8344154,-1.3076361,0
-0.11791,-0.08776,7.8344154,-1.3076361,0
-0.11829,-0.08779,7.8344154,-1.3076361,0
-0.11858,-0.08784,7.8344154,-1.3076361,0
-0.11872,-0.08786,7.8344154,-1.3076361,0
-0.11885,-0.08794,7.8344154,-1.3076361,0
-0.11866,-0.08806,7.8344154,-1.3076361,0
-0.11866,-0.0882,7.8344154,-1.3076361,0
-0.11897,-0.08832,7.8344154,-1.3076361,0
-0.1194,-0.08826,7.8344154,-1.3076361,0
-0.11984,-0.08808,7.8344154,-1.3076361,0
-0.12004,-0.08788,7.8344154,-1.3076361,0
-0.12036,-0.08778,7.8344154,-1.3076361,0
-0.12031,-0.08755,7.8344154,-1.3076361,0
-0.12012,-0.08732,7.841278,-1.0893518,0
-0.12007,-0.08704,7.841278,-1.0893518,0
-0.11989,-0.0867,7.841278,-1.0893518,0
-0.11962,-0.08627,7.841278,-1.0893518,0
-0.11877,-0.08574,7.841278,-1.0893518,0
-0.11815,-0.08529,7.841278,-1.0893518,0
-0.11777,-0.08478,7.841278,-1.0893518,0
-0.11795,-0.08414,7.841278,-1.0893518,0
-0.11779,-0.08372,7.841278,-1.0893518,0
-0.11734,-0.08377,7.841278,-1.0893518,0
-0.11657,-0.08405,7.841278,-1.0893518,0
-0.11584,-0.08457,7.841278,-1.0893518,0
-0.11512,-0.08491,7.841278,-1.0893518,0
-0.11523,-0.08506,7.841278,-1.0893518,0
-0.1154,-0.08482,7.841278,-1.0893518,0
-0.11563,-0.08445,7.841278,-1.0893518,0
-0.11625,-0.08433,9.460747,-1.6671318,0
-0.11662,-0.08412,9.460747,-1.6671318,0
-0.11721,-0.08399,9.460747,-1.6671318,0
-0.11788,-0.08391,9.460747,-1.6671318,0
-0.11806,-0.08384,9.460747,-1.6671318,0
-0.11811,-0.08383,9.460747,-1.6671318,0
-0.11795,-0.08365,9.460747,-1.6671318,0
-0.11806,-0.08352,9.460747,-1.6671318,0
-0.11837,-0.08347,9.460747,-1.6671318,0
-0.11877,-0.08344,9.460747,-1.6671318,0
-0.11911,-0.08341,9.460747,-1.6671318,0
-0.11959,-0.0835,9.460747,-1.6671318,0
-0.11986,-0.0835,9.460747,-1.6671318,0
-0.12,-0.08346,9.460747,-1.6671318,0
-0.1198,-0.08332,9.460747,-1.6671318,0
-0.11982,-0.08317,10.476654,-2.780448,0
-0.11997,-0.08312,10.476654,-2.780448,0
-0.12022,-0.08298,10.476654,-2.780448,0
-0.12052,-0.08286,10.476654,-2.780448,0
-0.12056,-0.08282,10.476654,-2.780448,0
-0.12089,-0.08288,10.476654,-2.780448,0
-0.12097,-0.08295,10.476654,-2.780448,0
-0.12072,-0.08307,10.476654,-2.780448,0
-0.12083,-0.08305,10.476654,-2.780448,0
-0.12089,-0.08273,10.476654,-2.780448,0
-0.12105,-0.08216,10.476654,-2.780448,0
-0.12177,-0.08123,10.476654,-2.780448,0
-0.12205,-0.08062,10.476654,-2.780448,0
-0.12258,-0.08079,10.476654,-2.780448,0
-0.12284,-0.08159,8.989344,-1.8266444,0
-0.12292,-0.08303,8.989344,-1.8266444,0
-0.12329,-0.0845,8.989344,-1.8266444,0
-0.12371,-0.08543,8.989344,-1.8266444,0
-0.1244,-0.08559,8.989344,-1.8266444,0
-0.12455,-0.08507,8.989344,-1.8266444,0
-0.12444,-0.08432,8.989344,-1.8266444,0
-0.12456,-0.08334,8.989344,-1.8266444,0
-0.12472,-0.08201,8.989344,-1.8266444,0
-0.12516,-0.08081,8.989344,-1.8266444,0
-0.12526,-0.07998,8.989344,-1.8266444,0
-0.12543,-0.0795,8.989344,-1.8266444,0
-0.1257,-0.07932,8.989344,-1.8266444,0
-0.12599,-0.0792,8.989344,-1.8266444,0
-0.12674,-0.07906,8.989344,-1.8266444,0
-0.12728,-0.0788,8.989344,-1.8266444,0
-0.12773,-0.07835,8.989344,-1.8266444,0
-0.12778,-0.07784,9.43037,-1.7412726,0
-0.12734,-0.07729,9.43037,-1.7412726,0
-0.12705,-0.07674,9.43037,-1.7412726,0
-0.12652,-0.0763,9.43037,-1.7412726,0
-0.12632,-0.07612,9.43037,-1.7412726,0
-0.12609,-0.07596,9.43037,-1.7412726,0
-0.12587,-0.07604,9.43037,-1.7412726,0
-0.12587,-0.07642,9.43037,-1.7412726,0
-0.12614,-0.07684,9.43037,-1.7412726,0
-0.12643,-0.07716,9.43037,-1.7412726,0
-0.12695,-0.07753,9.43037,-1.7412726,0
-0.12685,-0.07804,9.43037,-1.7412726,0
-0.12694,-0.07867,9.43037,-1.7412726,0
-0.12683,-0.07923,9.43037,-1.7412726,0
-0.12734,-0.07951,14.102533,-2.7096624,0
-0.12824,-0.07921,14.102533,-2.7096624,0
-0.12812,-0.07944,14.102533,-2.7096624,0
-0.12797,-0.07964,14.102533,-2.7096624,0
-0.12762,-0.08011,14.102533,-2.7096624,0
-0.12778,-0.08069,14.102533,-2.7096624,0
-0.12846,-0.08097,14.102533,-2.7096624,0
-0.12965,-0.08104,14.102533,-2.7096624,0
-0.13061,-0.08121,14.102533,-2.7096624,0
-0.13146,-0.08156,14.102533,-2.7096624,0
-0.13207,-0.08203,14.102533,-2.7096624,0
-0.13293,-0.08237,14.102533,-2.7096624,0
-0.13353,-0.08274,14.102533,-2.7096624,0
-0.13401,-0.08304,14.102533,-2.7096624,0
-0.13409,-0.08329,14.102533,-2.7096624,0
-0.13409,-0.08326,14.102533,-2.7096624,0
-0.13435,-0.08325,16.004492,-3.0570498,0
-0.13456,-0.08329,16.004492,-3.0570498,0
-0.13483,-0.0834,16.004492,-3.0570498,0
-0.13507,-0.0837,16.004492,-3.0570498,0
-0.13536,-0.08401,16.004492,-3.0570498,0
-0.13582,-0.08441,16.004492,-3.0570498,0
-0.13606,-0.08459,16.004492,-3.0570498,0
-0.13622,-0.08484,16.004492,-3.0570498,0
-0.1363,-0.08503,16.004492,-3.0570498,0
-0.13626,-0.0851,16.004492,-3.0570498,0
-0.13634,-0.08522,16.004492,-3.0570498,0
-0.13621,-0.08513,16.004492,-3.0570498,0
-0.13605,-0.08509,16.004492,-3.0570498,0
-0.13595,-0.08496,16.004492,-3.0570498,0
-0.13594,-0.08509,16.004492,-3.0570498,0
-0.1358,-0.08535,11.163518,-2.648443,0
-0.13555,-0.08563,11.163518,-2.648443,0
-0.13515,-0.08564,11.163518,-2.648443,0
-0.13545,-0.08527,11.163518,-2.648443,0
-0.13563,-0.08492,11.163518,-2.648443,0
-0.13531,-0.08498,11.163518,-2.648443,0
-0.13451,-0.08512,11.163518,-2.648443,0
-0.13369,-0.08558,11.163518,-2.648443,0
-0.13309,-0.08577,11.163518,-2.648443,0
-0.13321,-0.08591,11.163518,-2.648443,0
-0.13361,-0.08577,11.163518,-2.648443,0
-0.13373,-0.08557,11.163518,-2.648443,0
-0.13365,-0.08557,11.163518,-2.648443,0
-0.13326,-0.08544,11.163518,-2.648443,0
-0.13315,-0.08532,11.163518,-2.648443,0
-0.13347,-0.08532,11.163518,-2.648443,0
-0.13346,-0.08535,11.382164,-2.5120356,0
-0.13341,-0.08528,11.382164,-2.5120356,0
-0.13324,-0.08518,11.382164,-2.5120356,0
-0.13279,-0.08505,11.382164,-2.5120356,0
-0.13244,-0.08494,11.382164,-2.5120356,0
-0.13223,-0.08487,11.382164,-2.5120356,0
-0.13231,-0.08487,11.382164,-2.5120356,0
-0.13219,-0.08489,11.382164,-2.5120356,0
-0.13182,-0.08504,11.382164,-2.5120356,0
-0.13157,-0.08523,11.382164,-2.5120356,0
-0.13128,-0.08529,11.382164,-2.5120356,0
-0.13146,-0.08532,11.382164,-2.5120356,0
-0.13165,-0.0853,11.382164,-2.5120356,0
-0.13201,-0.08537,11.382164,-2.5120356,0
-0.13244,-0.08547,11.382164,-2.5120356,0
-0.13249,-0.08567,11.882681,-2.0535195,0
-0.13272,-0.08592,11.882681,-2.0535195,0
-0.13246,-0.08631,11.882681,-2.0535195,0
-0.13249,-0.08666,11.882681,-2.0535195,0
-0.13268,-0.08675,11.882681,-2.0535195,0
-0.13285,-0.0866,11.882681,-2.0535195,0
-0.13305,-0.08598,11.882681,-2.0535195,0
-0.13352,-0.08526,11.882681,-2.0535195,0
-0.13344,-0.08505,11.882681,-2.0535195,0
-0.13322,-0.08545,11.882681,-2.0535195,0
-0.13264,-0.08601,11.882681,-2.0535195,0
-0.13219,-0.08656,11.882681,-2.0535195,0
-0.13193,-0.08677,11.882681,-2.0535195,0
-0.13196,-0.0866,11.882681,-2.0535195,0
-0.13211,-0.08618,11.882681,-2.0535195,0
-0.13156,-0.08586,11.848565,-2.7974432,0
-0.13078,-0.08593,11.848565,-2.7974432,0
-0.13015,-0.08611,11.848565,-2.7974432,0
-0.12956,-0.0862,11.848565,-2.7974432,0
-0.12942,-0.08594,11.848565,-2.7974432,0
-0.12904,-0.08532,11.848565,-2.7974432,0
-0.12896,-0.08462,11.848565,-2.7974432,0
-0.12881,-0.08402,11.848565,-2.7974432,0
-0.12862,-0.08356,11.848565,-2.7974432,0
-0.12855,-0.0834,11.848565,-2.7974432,0
-0.12806,-0.08337,11.848565,-2.7974432,0
-0.12818,-0.08337,11.848565,-2.7974432,0
-0.1285,-0.08331,11.848565,-2.7974432,0
-0.12854,-0.08303,11.848565,-2.7974432,0
-0.12872,-0.08276,11.848565,-2.7974432,0
-0.12858,-0.08257,11.848565,-2.7974432,0
-0.12864,-0.08243,10.577691,-2.292297,0
-0.12887,-0.08244,10.577691,-2.292297,0
-0.1289,-0.08242,10.577691,-2.292297,0
-0.12914,-0.08234,10.577691,-2.292297,0
-0.12933,-0.08239,10.577691,-2.292297,0
-0.12933,-0.08244,10.577691,-2.292297,0
-0.12936,-0.08254,10.577691,-2.292297,0
-0.12923,-0.08258,10.577691,-2.292297,0
-0.12956,-0.08239,10.577691,-2.292297,0
-0.12961,-0.08192,10.577691,-2.292297,0
-0.13034,-0.08113,10.577691,-2.292297,0
-0.13115,-0.08046,10.577691,-2.292297,0
-0.13084,-0.08063,10.577691,-2.292297,0
-0.13054,-0.08108,10.577691,-2.292297,0
-0.12989,-0.08161,10.577691,-2.292297,0
-0.12975,-0.08166,12.503764,-3.4587314,0
-0.13022,-0.08137,12.503764,-3.4587314,0
-0.13055,-0.08083,12.503764,-3.4587314,0
-0.13102,-0.08058,12.503764,-3.4587314,0
-0.13099,-0.08064,12.503764,-3.4587314,0
-0.13091,-0.08087,12.503764,-3.4587314,0
-0.13115,-0.08097,12.503764,-3.4587314,0
-0.13108,-0.08107,12.503764,-3.4587314,0
-0.13101,-0.08109,12.503764,-3.4587314,0
-0.13067,-0.08102,12.503764,-3.4587314,0
-0.13048,-0.08085,12.503764,-3.4587314,0
-0.13047,-0.08065,12.503764,-3.4587314,0
-0.13057,-0.08064,12.503764,-3.4587314,0
-0.1307,-0.08079,12.503764,-3.4587314,0
-0.13067,-0.08103,12.503764,-3.4587314,0
-0.13106,-0.0812,15.339924,-5.599251,0
-0.13149,-0.08133,15.339924,-5.599251,0
-0.12302,0.06861,47.88465,-9.978625,1
-0.12279,0.06829,47.88465,-9.978625,1
-0.12126,0.06749,47.88465,-9.978625,1
-0.11925,0.06619,47.88465,-9.978625,1
-0.11835,0.06505,47.88465,-9.978625,1
-0.11755,0.0644,47.88465,-9.978625,1
-0.11687,0.06419,47.88465,-9.978625,1
-0.11761,0.06426,47.88465,-9.978625,1
-0.11938,0.06417,47.88465,-9.978625,1
-0.12086,0.06379,47.10556,-9.2887745,1
-0.12211,0.06333,47.10556,-9.2887745,1
-0.12215,0.06324,47.10556,-9.2887745,1
-0.12093,0.06341,47.10556,-9.2887745,1
-0.11814,0.06261,47.10556,-9.2887745,1
-0.11462,0.06088,47.10556,-9.2887745,1
-0.11185,0.05887,47.10556,-9.2887745,1
-0.10961,0.05707,47.10556,-9.2887745,1
-0.10817,0.05614,47.10556,-9.2887745,1
-0.10872,0.05658,47.10556,-9.2887745,1
-0.1111,0.05821,47.10556,-9.2887745,1
-0.11435,0.06011,47.10556,-9.2887745,1
-0.11711,0.06133,47.10556,-9.2887745,1
-0.11874,0.0618,47.10556,-9.2887745,1
-0.11952,0.06173,47.10556,-9.2887745,1
-0.11968,0.06119,48.6856,-9.179097,1
-0.11965,0.06024,48.6856,-9.179097,1
-0.11981,0.05889,48.6856,-9.179097,1
-0.12018,0.05738,48.6856,-9.179097,1
-0.12106,0.05557,48.6856,-9.179097,1
-0.12215,0.05345,48.6856,-9.179097,1
-0.12434,0.05118,48.6856,-9.179097,1
-0.12692,0.04919,48.6856,-9.179097,1
-0.12992,0.04746,48.6856,-9.179097,1
-0.13329,0.04538,48.6856,-9.179097,1
-0.13663,0.04265,48.6856,-9.179097,1
-0.14023,0.03974,48.6856,-9.179097,1
-0.14315,0.03733,48.6856,-9.179097,1
-0.14519,0.03578,48.6856,-9.179097,1
-0.1464,0.03504,48.6856,-9.179097,1
-0.14726,0.03455,48.6856,-9.179097,1
-0.148,0.03379,48.84006,-8.9026375,1
-0.14916,0.03257,48.84006,-8.9026375,1
-0.15074,0.03071,48.84006,-8.9026375,1
-0.15263,0.02853,48.84006,-8.9026375,1
-0.15482,0.02633,48.84006,-8.9026375,1
-0.15696,0.02421,48.84006,-8.9026375,1
-0.15815,0.02253,48.84006,-8.9026375,1
-0.15946,0.0213,48.84006,-8.9026375,1
-0.16008,0.01986,48.84006,-8.9026375,1
-0.15963,0.01845,48.84006,-8.9026375,1
-0.1586,0.01741,48.84006,-8.9026375,1
-0.15786,0.01691,48.84006,-8.9026375,1
-0.15721,0.01702,48.84006,-8.9026375,1
-0.15647,0.01748,48.84006,-8.9026375,1
-0.15533,0.01803,48.84006,-8.9026375,1
-0.15377,0.01877,48.195705,-10.300249,1
-0.15241,0.01961,48.195705,-10.300249,1
-0.15172,0.02044,48.195705,-10.300249,1
-0.15189,0.02091,48.195705,-10.300249,1
-0.15153,0.02111,48.195705,-10.300249,1
-0.15065,0.02149,48.195705,-10.300249,1
-0.15019,0.02186,48.195705,-10.300249,1
-0.1502,0.02153,48.195705,-10.300249,1
-0.15052,0.02106,48.195705,-10.300249,1
-0.15042,0.02105,48.195705,-10.300249,1
-0.15074,0.02139,48.195705,-10.300249,1
-0.15095,0.02154,48.195705,-10.300249,1
-0.1513,0.02133,48.195705,-10.300249,1
-0.15173,0.02116,48.195705,-10.300249,1
-0.15239,0.02116,48.195705,-10.300249,1
-0.15308,0.02115,48.195705,-10.300249,1
-0.15366,0.02112,48.499386,-7.5477686,1
-0.15457,0.02082,48.499386,-7.5477686,1
-0.15668,0.02055,48.499386,-7.5477686,1
-0.15863,0.02037,48.499386,-7.5477686,1
-0.16047,0.02025,48.499386,-7.5477686,1
-0.16227,0.01998,48.499386,-7.5477686,1
-0.1639,0.01949,48.499386,-7.5477686,1
-0.16539,0.0188,48.499386,-7.5477686,1
-0.16614,0.01802,48.499386,-7.5477686,1
-0.16609,0.01744,48.499386,-7.5477686,1
-0.16568,0.01709,48.499386,-7.5477686,1
-0.16509,0.01713,48.499386,-7.5477686,1
-0.1648,0.01682,48.499386,-7.5477686,1
-0.1648,0.01593,48.499386,-7.5477686,1
-0.16501,0.01496,48.499386,-7.5477686,1
-0.16521,0.0138,48.728622,-8.740408,1
-0.16544,0.01273,48.728622,-8.740408,1
-0.16569,0.01234,48.728622,-8.740408,1
-0.16546,0.01229,48.728622,-8.740408,1
-0.16474,0.01261,48.728622,-8.740408,1
-0.16338,0.01271,48.728622,-8.740408,1
-0.16248,0.01291,48.728622,-8.740408,1
-0.16269,0.01447,48.728622,-8.740408,1
-0.16306,0.01651,48.728622,-8.740408,1
-0.16332,0.01823,48.728622,-8.740408,1
-0.16346,0.01958,48.728622,-8.740408,1
-0.16311,0.02068,48.728622,-8.740408,1
-0.16278,0.02167,48.728622,-8.740408,1
-0.16267,0.02239,48.728622,-8.740408,1
-0.16263,0.02283,48.728622,-8.740408,1
-0.16231,0.02315,48.728622,-8.740408,1
-0.16184,0.0237,48.668816,-8.807333,1
-0.16149,0.02446,48.668816,-8.807333,1
-0.16112,0.02509,48.668816,-8.807333,1
-0.16081,0.02547,48.668816,-8.807333,1
-0.16055,0.02579,48.668816,-8.807333,1
-0.16017,0.02622,48.668816,-8.807333,1
-0.15996,0.02662,48.668816,-8.807333,1
-0.1598,0.02667,48.668816,-8.807333,1
-0.15983,0.02645,48.668816,-8.807333,1
-0.1604,0.02595,48.668816,-8.807333,1
-0.16083,0.02566,48.668816,-8.807333,1
-0.16095,0.0255,48.668816,-8.807333,1
-0.16042,0.02524,48.668816,-8.807333,1
-0.15991,0.02491,48.668816,-8.807333,1
-0.15961,0.02447,48.668816,-8.807333,1
-0.15875,0.02427,49.29651,-9.973952,1
-0.15758,0.02492,49.29651,-9.973952,1
-0.15638,0.0253,49.29651,-9.973952,1
-0.15542,0.02509,49.29651,-9.973952,1
-0.15458,0.02479,49.29651,-9.973952,1
-0.15382,0.02461,49.29651,-9.973952,1
-0.15345,0.0251,49.29651,-9.973952,1
-0.15368,0.02635,49.29651,-9.973952,1
-0.15427,0.02815,49.29651,-9.973952,1
-0.15542,0.02938,49.29651,-9.973952,1
-0.15689,0.02946,49.29651,-9.973952,1
-0.15815,0.02917,49.29651,-9.973952,1
-0.15945,0.02869,49.29651,-9.973952,1
-0.16049,0.02806,49.29651,-9.973952,1
-0.16137,0.02737,49.29651,-9.973952,1
-0.16152,0.02672,49.028492,-7.826552,1
-0.16119,0.02587,49.028492,-7.826552,1
-0.16037,0.02486,49.028492,-7.826552,1
-0.15977,0.02441,49.028492,-7.826552,1
-0.15963,0.02451,49.028492,-7.826552,1
-0.15964,0.02447,49.028492,-7.826552,1
-0.15938,0.02443,49.028492,-7.826552,1
-0.15881,0.02426,49.028492,-7.826552,1
-0.15849,0.0241,49.028492,-7.826552,1
-0.15862,0.02373,49.028492,-7.826552,1
-0.15852,0.02335,49.028492,-7.826552,1
-0.15831,0.02343,49.028492,-7.826552,1
-0.15779,0.02403,49.028492,-7.826552,1
-0.15726,0.02483,49.028492,-7.826552,1
-0.15693,0.02567,49.028492,-7.826552,1
-0.1567,0.02629,46.61994,-8.072752,1
-0.1559,0.02672,46.61994,-8.072752,1
-0.15506,0.0269,46.61994,-8.072752,1
-0.15416,0.02708,46.61994,-8.072752,1
-0.15347,0.02748,46.61994,-8.072752,1
-0.15278,0.02823,46.61994,-8.072752,1
-0.15188,0.02975,46.61994,-8.072752,1
-0.15119,0.03085,46.61994,-8.072752,1
-0.15052,0.03092,46.61994,-8.072752,1
-0.14986,0.03035,46.61994,-8.072752,1
-0.14891,0.0295,46.61994,-8.072752,1
-0.14802,0.02894,46.61994,-8.072752,1
-0.1473,0.02865,46.61994,-8.072752,1
-0.14653,0.02847,46.61994,-8.072752,1
-0.14587,0.02832,46.61994,-8.072752,1
-0.14555,0.02813,44.10779,-5.568503,1
-0.1454,0.0284,44.10779,-5.568503,1
-0.14547,0.02849,44.10779,-5.568503,1
-0.1456,0.02836,44.10779,-5.568503,1
-0.14546,0.02811,44.10779,-5.568503,1
-0.14488,0.02765,44.10779,-5.568503,1
-0.14399,0.02728,44.10779,-5.568503,1
-0.14294,0.02717,44.10779,-5.568503,1
-0.14178,0.02715,44.10779,-5.568503,1
-0.14064,0.02716,44.10779,-5.568503,1
-0.14017,0.02705,44.10779,-5.568503,1
-0.14035,0.02679,44.10779,-5.568503,1
-0.14062,0.02647,44.10779,-5.568503,1
-0.14049,0.02606,44.10779,-5.568503,1
-0.14043,0.02575,44.10779,-5.568503,1
-0.14041,0.02551,43.67865,-6.385902,1
-0.14044,0.02524,43.67865,-6.385902,1
-0.1401,0.02484,43.67865,-6.385902,1
-0.13959,0.02431,43.67865,-6.385902,1
-0.13894,0.02381,43.67865,-6.385902,1
-0.13827,0.02353,43.67865,-6.385902,1
-0.13764,0.02363,43.67865,-6.385902,1
-0.13678,0.02376,43.67865,-6.385902,1
-0.13612,0.02382,43.67865,-6.385902,1
-0.13541,0.02405,43.67865,-6.385902,1
-0.13535,0.02447,43.67865,-6.385902,1
-0.13533,0.02519,43.67865,-6.385902,1
-0.13588,0.02642,43.67865,-6.385902,1
-0.13606,0.02703,43.67865,-6.385902,1
-0.13626,0.02637,43.67865,-6.385902,1
-0.13643,0.02491,43.67865,-6.385902,1
-0.13645,0.02338,43.776028,-6.1268115,1
-0.13668,0.0221,43.776028,-6.1268115,1
-0.13685,0.02151,43.776028,-6.1268115,1
-0.13697,0.02123,43.776028,-6.1268115,1
-0.13707,0.02125,43.776028,-6.1268115,1
-0.13695,0.02121,43.776028,-6.1268115,1
-0.13684,0.02117,43.776028,-6.1268115,1
-0.13701,0.02104,43.776028,-6.1268115,1
-0.13748,0.0209,43.776028,-6.1268115,1
-0.13823,0.02076,43.776028,-6.1268115,1
-0.13891,0.02034,43.776028,-6.1268115,1
-0.13959,0.01943,43.776028,-6.1268115,1
-0.1399,0.01833,43.776028,-6.1268115,1
-0.13986,0.0175,43.776028,-6.1268115,1
-0.13993,0.01695,43.776028,-6.1268115,1
-0.13992,0.01658,44.10651,-5.984484,1
-0.13988,0.01619,44.10651,-5.984484,1
-0.13969,0.01589,44.10651,-5.984484,1
-0.1391,0.01585,44.10651,-5.984484,1
-0.13824,0.01587,44.10651,-5.984484,1
-0.13774,0.01566,44.10651,-5.984484,1
-0.13754,0.01574,44.10651,-5.984484,1
-0.13741,0.01598,44.10651,-5.984484,1
-0.13727,0.01629,44.10651,-5.984484,1
-0.13727,0.0165,44.10651,-5.984484,1
-0.13714,0.01701,44.10651,-5.984484,1
-0.13674,0.01768,44.10651,-5.984484,1
-0.1361,0.01823,44.10651,-5.984484,1
-0.13508,0.01859,44.10651,-5.984484,1
-0.13397,0.01885,44.10651,-5.984484,1
-0.13267,0.01922,43.243908,-9.791286,1
-0.13193,0.02023,43.243908,-9.791286,1
-0.13185,0.02052,43.243908,-9.791286,1
-0.13172,0.02,43.243908,-9.791286,1
-0.13176,0.01905,43.243908,-9.791286,1
-0.13177,0.01839,43.243908,-9.791286,1
-0.13208,0.0181,43.243908,-9.791286,1
-0.13246,0.01826,43.243908,-9.791286,1
-0.13274,0.01852,43.243908,-9.791286,1
-0.13294,0.0186,43.243908,-9.791286,1
-0.13321,0.0185,43.243908,-9.791286,1
-0.13372,0.01859,43.243908,-9.791286,1
-0.13393,0.01831,43.243908,-9.791286,1
-0.13423,0.01792,43.243908,-9.791286,1
-0.13425,0.01727,43.243908,-9.791286,1
-0.1339,0.01671,43.243908,-9.791286,1
-0.13336,0.01638,47.027702,-6.2723303,1
-0.13252,0.01599,47.027702,-6.2723303,1
-0.13236,0.01556,47.027702,-6.2723303,1
-0.13255,0.01512,47.027702,-6.2723303,1
-0.1328,0.01468,47.027702,-6.2723303,1
-0.13307,0.01455,47.027702,-6.2723303,1
-0.13303,0.01464,47.027702,-6.2723303,1
-0.13286,0.01489,47.027702,-6.2723303,1
-0.13246,0.01508,47.027702,-6.2723303,1
-0.13193,0.01514,47.027702,-6.2723303,1
-0.13136,0.01509,47.027702,-6.2723303,1
-0.13072,0.01493,47.027702,-6.2723303,1
-0.13038,0.01465,47.027702,-6.2723303,1
-0.13087,0.01424,47.027702,-6.2723303,1
-0.13147,0.01379,47.027702,-6.2723303,1
-0.13218,0.01344,47.027702,-6.2723303,1
-0.13245,0.01317,47.027702,-6.2723303,1
-0.13254,0.01302,47.027702,-6.2723303,1
-0.13299,0.01293,47.027702,-6.2723303,1
-0.13318,0.01279,47.027702,-6.2723303,1
-0.13372,0.01299,47.027702,-6.2723303,1
-0.13416,0.01282,47.027702,-6.2723303,1
-0.13475,0.01218,47.027702,-6.2723303,1
-0.13538,0.01129,47.027702,-6.2723303,1
-0.13564,0.0102,47.027702,-6.2723303,1
-0.13595,0.00942,47.027702,-6.2723303,1
-0.13636,0.0091,47.027702,-6.2723303,1
-0.13681,0.00941,47.027702,-6.2723303,1
-0.13715,0.00979,47.027702,-6.2723303,1
-0.13689,0.00998,47.027702,-6.2723303,1
-0.1367,0.01018,44.79597,-6.016244,1
-0.1367,0.01037,44.79597,-6.016244,1
-0.137,0.01053,44.79597,-6.016244,1
-0.13731,0.01056,44.79597,-6.016244,1
-0.13722,0.01038,44.79597,-6.016244,1
-0.13695,0.01014,44.79597,-6.016244,1
-0.13653,0.01003,44.79597,-6.016244,1
-0.1365,0.00998,44.79597,-6.016244,1
-0.13691,0.00985,44.79597,-6.016244,1
-0.13718,0.00952,44.79597,-6.016244,1
-0.13759,0.00944,44.79597,-6.016244,1
-0.13791,0.00942,44.79597,-6.016244,1
-0.13843,0.00922,44.79597,-6.016244,1
-0.13908,0.00907,44.79597,-6.016244,1
-0.13929,0.009,44.79597,-6.016244,1
-0.1395,0.00915,44.79597,-6.016244,1
-0.13959,0.00924,46.563095,-7.273426,1
-0.1396,0.00916,46.563095,-7.273426,1
-0.13967,0.00892,46.563095,-7.273426,1
-0.13962,0.00859,46.563095,-7.273426,1
-0.13957,0.0084,46.563095,-7.273426,1
-0.13928,0.00819,46.563095,-7.273426,1
-0.1392,0.00796,46.563095,-7.273426,1
-0.13907,0.00779,46.563095,-7.273426,1
-0.13915,0.00753,46.563095,-7.273426,1
-0.13924,0.00749,46.563095,-7.273426,1
-0.13957,0.00777,46.563095,-7.273426,1
-0.22296,-0.17216,-33.1269,-1.4272054,2
-0.22809,-0.17653,-33.1269,-1.4272054,2
-0.23138,-0.17876,-33.1269,-1.4272054,2
-0.23362,-0.18086,-33.1269,-1.4272054,2
-0.23496,-0.18218,-33.1269,-1.4272054,2
-0.23603,-0.18358,-33.1269,-1.4272054,2
-0.23691,-0.18546,-33.1269,-1.4272054,2
-0.23804,-0.18802,-33.1269,-1.4272054,2
-0.23944,-0.19149,-33.1269,-1.4272054,2
-0.2412,-0.1962,-33.1269,-1.4272054,2
-0.2429,-0.20182,-33.1269,-1.4272054,2
-0.24466,-0.2076,-33.1269,-1.4272054,2
-0.24663,-0.21249,-33.1269,-1.4272054,2
-0.24867,-0.21642,-28.073393,2.4162953,2
-0.25059,-0.21934,-28.073393,2.4162953,2
-0.25219,-0.22079,-28.073393,2.4162953,2
-0.25339,-0.22072,-28.073393,2.4162953,2
-0.25411,-0.21977,-28.073393,2.4162953,2
-0.2546,-0.21867,-28.073393,2.4162953,2
-0.25486,-0.21759,-28.073393,2.4162953,2
-0.25495,-0.217,-28.073393,2.4162953,2
-0.2554,-0.21688,-28.073393,2.4162953,2
-0.25568,-0.21682,-28.073393,2.4162953,2
-0.25573,-0.21675,-28.073393,2.4162953,2
-0.25617,-0.21631,-28.073393,2.4162953,2
-0.25708,-0.21537,-28.073393,2.4162953,2
-0.25801,-0.21409,-28.073393,2.4162953,2
-0.25874,-0.21237,-28.073393,2.4162953,2
-0.2592,-0.21067,-28.073393,2.4162953,2
-0.25944,-0.20858,-23.813805,0.3440604,2
-0.25993,-0.20613,-23.813805,0.3440604,2
-0.26029,-0.20308,-23.813805,0.3440604,2
-0.25997,-0.19973,-23.813805,0.3440604,2
-0.25885,-0.19664,-23.813805,0.3440604,2
-0.25751,-0.19395,-23.813805,0.3440604,2
-0.25678,-0.19189,-23.813805,0.3440604,2
-0.25619,-0.1902,-23.813805,0.3440604,2
-0.25616,-0.18881,-23.813805,0.3440604,2
-0.25551,-0.18792,-23.813805,0.3440604,2
-0.25398,-0.18706,-23.813805,0.3440604,2
-0.252,-0.18637,-23.813805,0.3440604,2
-0.24938,-0.18511,-23.813805,0.3440604,2
-0.24698,-0.18289,-23.813805,0.3440604,2
-0.24459,-0.18012,-31.536186,-0.16077524,2
-0.24202,-0.17668,-31.536186,-0.16077524,2
-0.23888,-0.17317,-31.536186,-0.16077524,2
-0.23565,-0.16913,-31.536186,-0.16077524,2
-0.23247,-0.16465,-31.536186,-0.16077524,2
-0.22963,-0.16101,-31.536186,-0.16077524,2
-0.22696,-0.15835,-31.536186,-0.16077524,2
-0.22489,-0.15639,-31.536186,-0.16077524,2
-0.22302,-0.15504,-31.536186,-0.16077524,2
-0.22168,-0.15401,-31.536186,-0.16077524,2
-0.22065,-0.1541,-31.536186,-0.16077524,2
-0.22027,-0.15462,-31.536186,-0.16077524,2
-0.22032,-0.15561,-31.536186,-0.16077524,2
-0.22085,-0.15647,-31.536186,-0.16077524,2
-0.22193,-0.15711,-31.536186,-0.16077524,2
-0.22334,-0.1576,-28.298382,-0.6049031,2
-0.22488,-0.15816,-28.298382,-0.6049031,2
-0.2262,-0.1588,-28.298382,-0.6049031,2
-0.22639,-0.15919,-28.298382,-0.6049031,2
-0.22637,-0.15969,-28.298382,-0.6049031,2
-0.22661,-0.16032,-28.298382,-0.6049031,2
-0.2266,-0.16079,-28.298382,-0.6049031,2
-0.22646,-0.16128,-28.298382,-0.6049031,2
-0.22618,-0.1621,-28.298382,-0.6049031,2
-0.226,-0.16308,-28.298382,-0.6049031,2
-0.22584,-0.16453,-28.298382,-0.6049031,2
-0.22602,-0.16622,-28.298382,-0.6049031,2
-0.22673,-0.16798,-28.298382,-0.6049031,2
-0.22775,-0.1702,-28.298382,-0.6049031,2
-0.2295,-0.17272,-28.298382,-0.6049031,2
-0.23021,-0.17523,-28.298382,-0.6049031,2
-0.2297,-0.17692,-28.298382,-0.6049031,2
-0.22925,-0.17777,-30.91195,-1.3804021,2
-0.22904,-0.17775,-30.91195,-1.3804021,2
-0.22912,-0.17716,-30.91195,-1.3804021,2
-0.22926,-0.17675,-30.91195,-1.3804021,2
-0.22934,-0.17706,-30.91195,-1.3804021,2
-0.22966,-0.17801,-30.91195,-1.3804021,2
-0.23088,-0.17938,-30.91195,-1.3804021,2
-0.2324,-0.18072,-30.91195,-1.3804021,2
-0.23413,-0.1824,-30.91195,-1.3804021,2
-0.2354,-0.18419,-30.91195,-1.3804021,2
-0.23652,-0.18558,-30.91195,-1.3804021,2
-0.23808,-0.18618,-30.91195,-1.3804021,2
-0.23981,-0.18629,-30.91195,-1.3804021,2
-0.2413,-0.18646,-30.91195,-1.3804021,2
-0.2419,-0.18649,-33.41737,0.36492857,2
-0.24202,-0.1865,-33.41737,0.36492857,2
-0.24152,-0.18621,-33.41737,0.36492857,2
-0.24052,-0.18569,-33.41737,0.36492857,2
-0.23925,-0.18493,-33.41737,0.36492857,2
-0.23765,-0.18393,-33.41737,0.36492857,2
-0.23579,-0.18308,-33.41737,0.36492857,2
-0.23377,-0.18236,-33.41737,0.36492857,2
-0.23186,-0.18178,-33.41737,0.36492857,2
-0.2306,-0.1814,-33.41737,0.36492857,2
-0.22993,-0.18102,-33.41737,0.36492857,2
-0.22958,-0.18096,-33.41737,0.36492857,2
-0.22924,-0.18119,-33.41737,0.36492857,2
-0.22882,-0.18182,-33.41737,0.36492857,2
-0.22851,-0.18272,-33.41737,0.36492857,2
-0.22913,-0.18362,-33.56697,-2.3192234,2
-0.22998,-0.18481,-33.56697,-2.3192234,2
-0.23141,-0.18614,-33.56697,-2.3192234,2
-0.23312,-0.18754,-33.56697,-2.3192234,2
-0.23362,-0.18896,-33.56697,-2.3192234,2
-0.23313,-0.18972,-33.56697,-2.3192234,2
-0.23142,-0.19005,-33.56697,-2.3192234,2
-0.22924,-0.18998,-33.56697,-2.3192234,2
-0.22713,-0.18954,-33.56697,-2.3192234,2
-0.22549,-0.18917,-33.56697,-2.3192234,2
-0.22406,-0.18861,-33.56697,-2.3192234,2
-0.2224,-0.18781,-33.56697,-2.3192234,2
-0.21945,-0.18685,-33.56697,-2.3192234,2
-0.21543,-0.18535,-33.56697,-2.3192234,2
-0.21177,-0.18368,-33.56697,-2.3192234,2
-0.20877,-0.18174,-35.002182,-2.7352989,2
-0.20655,-0.17939,-35.002182,-2.7352989,2
-0.20505,-0.17698,-35.002182,-2.7352989,2
-0.20374,-0.17484,-35.002182,-2.7352989,2
-0.20269,-0.17329,-35.002182,-2.7352989,2
-0.20165,-0.17215,-35.002182,-2.7352989,2
-0.20042,-0.17145,-35.002182,-2.7352989,2
-0.1989,-0.17098,-35.002182,-2.7352989,2
-0.19715,-0.17068,-35.002182,-2.7352989,2
-0.19501,-0.17038,-35.002182,-2.7352989,2
-0.1929,-0.16963,-35.002182,-2.7352989,2
-0.1905,-0.16871,-35.002182,-2.7352989,2
-0.18864,-0.16774,-35.002182,-2.7352989,2
-0.18742,-0.16677,-35.002182,-2.7352989,2
-0.18679,-0.16591,-35.002182,-2.7352989,2
-0.18669,-0.16505,-38.883713,-1.2063009,2
-0.18715,-0.16438,-38.883713,-1.2063009,2
-0.1885,-0.16424,-38.883713,-1.2063009,2
-0.19034,-0.16398,-38.883713,-1.2063009,2
-0.19266,-0.16324,-38.883713,-1.2063009,2
-0.19561,-0.16198,-38.883713,-1.2063009,2
-0.20183,-0.16133,-38.883713,-1.2063009,2
-0.21217,-0.16228,-38.883713,-1.2063009,2
-0.22301,-0.1633,-38.883713,-1.2063009,2
-0.23229,-0.16352,-38.883713,-1.2063009,2
-0.24074,-0.16337,-38.883713,-1.2063009,2
-0.25066,-0.16373,-38.883713,-1.2063009,2
-0.2576,-0.16345,-38.883713,-1.2063009,2
-0.26236,-0.16215,-38.883713,-1.2063009,2
-0.26523,-0.16032,-38.883713,-1.2063009,2
-0.26721,-0.15853,-41.708538,-2.1155264,2
-0.26796,-0.15715,-41.708538,-2.1155264,2
-0.26775,-0.15639,-41.708538,-2.1155264,2
-0.26638,-0.15567,-41.708538,-2.1155264,2
-0.26509,-0.15512,-41.708538,-2.1155264,2
-0.26418,-0.15462,-41.708538,-2.1155264,2
-0.26305,-0.15378,-41.708538,-2.1155264,2
-0.26231,-0.15273,-41.708538,-2.1155264,2
-0.26234,-0.15139,-41.708538,-2.1155264,2
-0.26214,-0.15001,-41.708538,-2.1155264,2
-0.26151,-0.14801,-41.708538,-2.1155264,2
-0.26024,-0.1449,-41.708538,-2.1155264,2
-0.25944,-0.14089,-41.708538,-2.1155264,2
-0.25802,-0.13602,-41.708538,-2.1155264,2
-0.25481,-0.13057,-41.708538,-2.1155264,2
-0.25008,-0.12452,-41.708538,-2.1155264,2
-0.24385,-0.11924,-43.46794,-1.7113541,2
-0.23652,-0.11475,-43.46794,-1.7113541,2
-0.22875,-0.11044,-43.46794,-1.7113541,2
-0.22206,-0.10638,-43.46794,-1.7113541,2
-0.21587,-0.10212,-43.46794,-1.7113541,2
-0.21007,-0.09766,-43.46794,-1.7113541,2
-0.20607,-0.09315,-43.46794,-1.7113541,2
-0.20267,-0.08859,-43.46794,-1.7113541,2
-0.19961,-0.08383,-43.46794,-1.7113541,2
-0.19683,-0.07912,-43.46794,-1.7113541,2
-0.19497,-0.07511,-43.46794,-1.7113541,2
-0.19365,-0.07136,-43.46794,-1.7113541,2
-0.19213,-0.06782,-43.46794,-1.7113541,2
-0.1905,-0.06433,-43.46794,-1.7113541,2
-0.18824,-0.06116,-43.46794,-1.7113541,2
-0.18597,-0.0579,-43.46794,-1.7113541,2
-0.18233,-0.0551,-43.46794,-1.7113541,2
-0.17903,-0.05274,-43.46794,-1.7113541,2
-0.17737,-0.05095,-43.46794,-1.7113541,2
-0.17621,-0.04938,-43.46794,-1.7113541,2
-0.17493,-0.04795,-43.46794,-1.7113541,2
-0.17487,-0.04717,-43.46794,-1.7113541,2
-0.17558,-0.04664,-43.46794,-1.7113541,2
-0.17611,-0.04617,-43.46794,-1.7113541,2
-0.17551,-0.04559,-43.46794,-1.7113541,2
-0.17461,-0.04533,-43.46794,-1.7113541,2
-0.17365,-0.04519,-43.46794,-1.7113541,2
-0.17238,-0.04483,-43.46794,-1.7113541,2
-0.17154,-0.04422,-43.46794,-1.7113541,2
-0.17136,-0.04355,-43.46794,-1.7113541,2
-0.17125,-0.04323,-31.415215,-3.231413,2
-0.17052,-0.04289,-31.415215,-3.231413,2
-0.16947,-0.04284,-31.415215,-3.231413,2
-0.16941,-0.0434,-31.415215,-3.231413,2
-0.16952,-0.0444,-31.415215,-3.231413,2
-0.17063,-0.04563,-31.415215,-3.231413,2
-0.1737,-0.04728,-31.415215,-3.231413,2
-0.17828,-0.04944,-31.415215,-3.231413,2
-0.18331,-0.05199,-31.415215,-3.231413,2
-0.18695,-0.05447,-31.415215,-3.231413,2
-0.18975,-0.05708,-31.415215,-3.231413,2
-0.19194,-0.05911,-31.415215,-3.231413,2
-0.19333,-0.06021,-31.415215,-3.231413,2
-0.19309,-0.06057,-31.415215,-3.231413,2
-0.19154,-0.06072,-31.415215,-3.231413,2
-0.18992,-0.06101,-39.03991,-0.86487997,2
-0.18872,-0.06173,-39.03991,-0.86487997,2
-0.18742,-0.06256,-39.03991,-0.86487997,2
-0.18669,-0.06332,-39.03991,-0.86487997,2
-0.1861,-0.06369,-39.03991,-0.86487997,2
-0.18549,-0.06393,-39.03991,-0.86487997,2
-0.18576,-0.06392,-39.03991,-0.86487997,2
-0.18557,-0.06333,-39.03991,-0.86487997,2
-0.18501,-0.06218,-39.03991,-0.86487997,2
-0.18446,-0.06092,-39.03991,-0.86487997,2
-0.18411,-0.05987,-39.03991,-0.86487997,2
-0.1839,-0.05859,-39.03991,-0.86487997,2
-0.18312,-0.05716,-39.03991,-0.86487997,2
-0.18247,-0.05639,-39.03991,-0.86487997,2
-0.18264,-0.05627,-39.03991,-0.86487997,2
-0.1833,-0.05674,-39.03991,-0.86487997,2
-0.184,-0.05736,-36.492397,-3.5126894,2
-0.18437,-0.05751,-36.492397,-3.5126894,2
-0.18447,-0.0573,-36.492397,-3.5126894,2
-0.18415,-0.05682,-36.492397,-3.5126894,2
-0.1832,-0.05652,-36.492397,-3.5126894,2
-0.18246,-0.05656,-36.492397,-3.5126894,2
-0.18215,-0.05659,-36.492397,-3.5126894,2
-0.18228,-0.05703,-36.492397,-3.5126894,2
-0.18251,-0.0581,-36.492397,-3.5126894,2
-0.18295,-0.05959,-36.492397,-3.5126894,2
-0.18389,-0.06125,-36.492397,-3.5126894,2
-0.18479,-0.06254,-36.492397,-3.5126894,2
-0.1857,-0.06378,-36.492397,-3.5126894,2
-0.18624,-0.06477,-36.492397,-3.5126894,2
-0.18656,-0.0661,-36.492397,-3.5126894,2
-0.18689,-0.0679,-36.492397,-3.5126894,2
-0.18736,-0.06958,-36.492397,-3.5126894,2
-0.18833,-0.0714,-36.492397,-3.5126894,2
-0.18913,-0.07308,-36.492397,-3.5126894,2
-0.18968,-0.07483,-36.492397,-3.5126894,2
-0.1898,-0.07656,-36.492397,-3.5126894,2
-0.18941,-0.07763,-36.492397,-3.5126894,2
-0.1899,-0.07855,-36.492397,-3.5126894,2
-0.19105,-0.07901,-36.492397,-3.5126894,2
-0.19115,-0.07919,-36.492397,-3.5126894,2
-0.19044,-0.07934,-36.492397,-3.5126894,2
-0.18904,-0.07945,-36.492397,-3.5126894,2
-0.18766,-0.07959,-36.492397,-3.5126894,2
-0.18677,-0.07962,-36.492397,-3.5126894,2
-0.18609,-0.07991,-36.492397,-3.5126894,2
-0.18568,-0.0805,-36.492397,-3.5126894,2
-0.18547,-0.08111,-36.492397,-3.5126894,2
-0.18526,-0.08152,-36.492397,-3.5126894,2
-0.18522,-0.08197,-36.492397,-3.5126894,2
-0.18509,-0.08241,-36.492397,-3.5126894,2
-0.18447,-0.0828,-36.492397,-3.5126894,2
-0.1836,-0.08308,-36.492397,-3.5126894,2
-0.18242,-0.08336,-36.492397,-3.5126894,2
-0.18108,-0.08379,-36.492397,-3.5126894,2
-0.1799,-0.08429,-36.492397,-3.5126894,2
-0.17868,-0.0846,-36.492397,-3.5126894,2
-0.17734,-0.0846,-36.492397,-3.5126894,2
-0.17608,-0.08464,-36.492397,-3.5126894,2
-0.1751,-0.08446,-36.492397,-3.5126894,2
-0.17412,-0.08436,-36.492397,-3.5126894,2
-0.17307,-0.08447,-37.75814,-2.026845,2
-0.17203,-0.08482,-37.75814,-2.026845,2
-0.17112,-0.08535,-37.75814,-2.026845,2
-0.17013,-0.08584,-37.75814,-2.026845,2
-0.16909,-0.08622,-37.75814,-2.026845,2
-0.16851,-0.08652,-37.75814,-2.026845,2
-0.16819,-0.08665,-37.75814,-2.026845,2
-0.16779,-0.08681,-37.75814,-2.026845,2
-0.16754,-0.08722,-37.75814,-2.026845,2
-0.16744,-0.08805,-37.75814,-2.026845,2
-0.16775,-0.08904,-37.75814,-2.026845,2
-0.16817,-0.08976,-37.75814,-2.026845,2
-0.16951,-0.09048,-37.75814,-2.026845,2
-0.17051,-0.09102,-37.75814,-2.026845,2
-0.17095,-0.09153,-37.75814,-2.026845,2
-0.17062,-0.09179,-37.037617,-3.716511,2
-0.16975,-0.09197,-37.037617,-3.716511,2
-0.16945,-0.09214,-37.037617,-3.716511,2
-0.16969,-0.09246,-37.037617,-3.716511,2
-0.17058,-0.09306,-37.037617,-3.716511,2
-0.17179,-0.09347,-37.037617,-3.716511,2
-0.17274,-0.09381,-37.037617,-3.716511,2
-0.17337,-0.09409,-37.037617,-3.716511,2
-0.17357,-0.09441,-37.037617,-3.716511,2
-0.17358,-0.09486,-37.037617,-3.716511,2
-0.17345,-0.09525,-37.037617,-3.716511,2
-0.17313,-0.0953,-37.037617,-3.716511,2
0.3454,-0.03989,18.776932,-8.321433,3
0.34514,-0.0388,18.776932,-8.321433,3
0.34656,-0.03789,18.776932,-8.321433,3
0.34936,-0.03683,18.776932,-8.321433,3
0.35214,-0.0357,18.776932,-8.321433,3
0.35554,-0.03456,18.776932,-8.321433,3
0.35937,-0.03362,18.776932,-8.321433,3
0.3628,-0.03225,18.776932,-8.321433,3
0.36502,-0.03077,18.776932,-8.321433,3
0.36642,-0.03001,18.776932,-8.321433,3
0.36691,-0.02984,18.776932,-8.321433,3
0.36671,-0.02987,18.776932,-8.321433,3
0.36633,-0.02975,18.776932,-8.321433,3
0.36549,-0.02913,18.776932,-8.321433,3
0.36452,-0.02787,18.776932,-8.321433,3
0.36465,-0.026,18.776932,-8.321433,3
0.36518,-0.02346,18.776932,-8.321433,3
0.36506,-0.02037,18.776932,-8.321433,3
0.36394,-0.01762,18.776932,-8.321433,3
0.36119,-0.01482,18.776932,-8.321433,3
0.35756,-0.01256,18.776932,-8.321433,3
0.3531,-0.01083,18.776932,-8.321433,3
0.34695,-0.00981,18.776932,-8.321433,3
0.33991,-0.00948,18.776932,-8.321433,3
0.33139,-0.0095,18.776932,-8.321433,3
0.32353,-0.00973,18.776932,-8.321433,3
0.31539,-0.01056,18.776932,-8.321433,3
0.30789,-0.01184,18.776932,-8.321433,3
0.30143,-0.01337,18.776932,-8.321433,3
0.29731,-0.01442,18.776932,-8.321433,3
0.29457,-0.01453,18.776932,-8.321433,3
0.29287,-0.01376,18.776932,-8.321433,3
0.29211,-0.01283,18.776932,-8.321433,3
0.29112,-0.01168,18.776932,-8.321433,3
0.28973,-0.01038,18.776932,-8.321433,3
0.2886,-0.00933,18.776932,-8.321433,3
0.28749,-0.00871,18.776932,-8.321433,3
0.28706,-0.00862,18.776932,-8.321433,3
0.28668,-0.00913,18.776932,-8.321433,3
0.28691,-0.00993,18.776932,-8.321433,3
0.28837,-0.01116,18.776932,-8.321433,3
0.29171,-0.01298,18.776932,-8.321433,3
0.29805,-0.01501,18.776932,-8.321433,3
0.30709,-0.01702,18.776932,-8.321433,3
0.31576,-0.01862,18.776932,-8.321433,3
0.32506,-0.01999,18.776932,-8.321433,3
0.33549,-0.02127,18.776932,-8.321433,3
0.34333,-0.02219,18.776932,-8.321433,3
0.34637,-0.023,18.776932,-8.321433,3
0.34733,-0.02448,18.776932,-8.321433,3
0.34606,-0.02666,18.776932,-8.321433,3
0.34381,-0.02922,18.776932,-8.321433,3
0.34085,-0.03187,18.776932,-8.321433,3
0.33738,-0.03439,18.776932,-8.321433,3
0.33374,-0.03652,18.776932,-8.321433,3
0.32955,-0.03843,18.776932,-8.321433,3
0.32582,-0.03989,18.776932,-8.321433,3
0.32256,-0.04121,18.776932,-8.321433,3
0.31965,-0.04254,18.776932,-8.321433,3
0.31796,-0.04408,18.776932,-8.321433,3
0.31752,-0.04581,18.776932,-8.321433,3
0.31765,-0.04744,18.776932,-8.321433,3
0.31717,-0.04884,18.776932,-8.321433,3
0.31448,-0.0505,18.776932,-8.321433,3
0.31145,-0.05188,18.776932,-8.321433,3
0.30802,-0.05357,18.776932,-8.321433,3
0.30473,-0.05529,18.776932,-8.321433,3
0.30133,-0.05677,18.776932,-8.321433,3
0.29839,-0.05804,18.776932,-8.321433,3
0.29593,-0.05912,18.776932,-8.321433,3
0.29401,-0.06027,18.776932,-8.321433,3
0.29253,-0.06147,18.776932,-8.321433,3
0.29096,-0.06267,18.776932,-8.321433,3
0.28921,-0.06404,18.776932,-8.321433,3
0.28613,-0.06576,18.776932,-8.321433,3
0.28217,-0.06794,18.776932,-8.321433,3
0.27748,-0.07044,18.776932,-8.321433,3
0.27222,-0.07335,18.776932,-8.321433,3
0.26739,-0.07629,18.776932,-8.321433,3
0.26267,-0.07908,18.776932,-8.321433,3
0.25797,-0.08183,18.776932,-8.321433,3
0.25376,-0.08442,18.776932,-8.321433,3
0.25032,-0.08684,18.776932,-8.321433,3
0.2478,-0.08885,18.776932,-8.321433,3
0.24628,-0.09064,18.776932,-8.321433,3
0.24634,-0.09201,18.776932,-8.321433,3
0.24709,-0.09272,18.776932,-8.321433,3
0.24769,-0.09296,18.776932,-8.321433,3
0.24822,-0.09322,18.776932,-8.321433,3
0.249,-0.09365,18.776932,-8.321433,3
0.24862,-0.09415,18.776932,-8.321433,3
0.24752,-0.09485,18.776932,-8.321433,3
0.24652,-0.096,18.776932,-8.321433,3
0.24577,-0.09774,18.776932,-8.321433,3
0.24504,-0.09952,18.776932,-8.321433,3
0.24403,-0.10128,18.776932,-8.321433,3
0.24302,-0.10246,18.776932,-8.321433,3
0.2425,-0.10315,18.776932,-8.321433,3
0.24249,-0.10352,18.776932,-8.321433,3
0.24319,-0.10361,18.776932,-8.321433,3
0.24414,-0.10363,18.776932,-8.321433,3
0.24564,-0.10358,18.776932,-8.321433,3
0.24772,-0.10324,18.776932,-8.321433,3
0.25007,-0.10277,18.776932,-8.321433,3
0.25281,-0.10186,18.776932,-8.321433,3
0.25567,-0.10068,18.776932,-8.321433,3
0.25859,-0.09925,18.776932,-8.321433,3
0.26112,-0.09747,18.776932,-8.321433,3
0.2627,-0.09554,18.776932,-8.321433,3
0.26393,-0.09381,18.776932,-8.321433,3
0.26472,-0.09227,18.776932,-8.321433,3
0.2648,-0.09126,18.776932,-8.321433,3
0.26469,-0.09072,18.776932,-8.321433,3
0.26447,-0.09059,18.776932,-8.321433,3
0.26432,-0.09069,18.776932,-8.321433,3
0.26407,-0.09101,18.776932,-8.321433,3
0.26394,-0.09119,18.776932,-8.321433,3
0.26313,-0.0913,18.776932,-8.321433,3
0.26269,-0.09138,18.776932,-8.321433,3
0.26267,-0.09152,18.776932,-8.321433,3
0.26331,-0.0916,18.776932,-8.321433,3
0.26388,-0.09161,18.776932,-8.321433,3
0.26385,-0.09174,18.776932,-8.321433,3
0.26374,-0.09188,18.776932,-8.321433,3
0.26291,-0.09206,18.776932,-8.321433,3
0.26211,-0.09235,18.776932,-8.321433,3
0.26132,-0.09287,18.776932,-8.321433,3
0.26094,-0.09342,18.776932,-8.321433,3
0.26108,-0.09376,18.776932,-8.321433,3
0.26155,-0.09364,18.776932,-8.321433,3
0.26197,-0.09321,18.776932,-8.321433,3
0.26225,-0.09248,18.776932,-8.321433,3
0.26214,-0.09163,18.776932,-8.321433,3
0.26143,-0.09116,18.776932,-8.321433,3
0.26027,-0.09093,18.776932,-8.321433,3
0.25785,-0.09111,18.776932,-8.321433,3
0.25434,-0.09147,18.776932,-8.321433,3
0.25103,-0.09212,18.776932,-8.321433,3
0.2484,-0.09289,18.776932,-8.321433,3
0.24572,-0.09379,18.776932,-8.321433,3
0.24316,-0.09454,18.776932,-8.321433,3
0.24096,-0.09511,18.776932,-8.321433,3
0.23985,-0.09524,18.776932,-8.321433,3
0.23937,-0.095,18.776932,-8.321433,3
0.23914,-0.09465,18.776932,-8.321433,3
0.23908,-0.09424,18.776932,-8.321433,3
0.23957,-0.09399,18.776932,-8.321433,3
0.24038,-0.09408,18.776932,-8.321433,3
0.24012,-0.09455,18.776932,-8.321433,3
0.23946,-0.09536,18.776932,-8.321433,3
0.23874,-0.09618,18.776932,-8.321433,3
0.23844,-0.09674,18.776932,-8.321433,3
0.2384,-0.0969,18.776932,-8.321433,3
0.23919,-0.09662,18.776932,-8.321433,3
0.24098,-0.096,18.776932,-8.321433,3
0.24318,-0.09516,18.776932,-8.321433,3
0.24576,-0.09431,18.776932,-8.321433,3
0.24847,-0.09315,18.776932,-8.321433,3
0.24971,-0.09163,18.776932,-8.321433,3
0.25058,-0.09028,18.776932,-8.321433,3
0.25114,-0.08896,18.776932,-8.321433,3
0.25127,-0.08764,18.776932,-8.321433,3
0.25061,-0.08607,18.776932,-8.321433,3
0.24918,-0.08443,18.776932,-8.321433,3
0.2473,-0.08303,18.776932,-8.321433,3
0.24542,-0.08202,18.776932,-8.321433,3
0.24339,-0.0812,18.776932,-8.321433,3
0.24175,-0.08023,18.776932,-8.321433,3
0.24014,-0.07923,18.776932,-8.321433,3
0.23847,-0.07851,18.776932,-8.321433,3
0.23615,-0.07816,18.776932,-8.321433,3
0.23377,-0.07788,18.776932,-8.321433,3
0.2314,-0.0776,18.776932,-8.321433,3
0.22875,-0.077,18.776932,-8.321433,3
0.22592,-0.07595,18.776932,-8.321433,3
0.2225,-0.07503,18.776932,-8.321433,3
0.21945,-0.07429,18.776932,-8.321433,3
0.21694,-0.07382,18.776932,-8.321433,3
0.21465,-0.07352,18.776932,-8.321433,3
0.21261,-0.0734,18.776932,-8.321433,3
0.21144,-0.07313,18.776932,-8.321433,3
0.21049,-0.07259,18.776932,-8.321433,3
0.20982,-0.07203,18.776932,-8.321433,3
0.20901,-0.07199,18.776932,-8.321433,3
0.20716,-0.07265,18.776932,-8.321433,3
0.20454,-0.07395,18.776932,-8.321433,3
0.2003,-0.07571,18.776932,-8.321433,3
0.19468,-0.07784,18.776932,-8.321433,3
0.18819,-0.08035,18.776932,-8.321433,3
0.18172,-0.08267,18.776932,-8.321433,3
0.17678,-0.08432,18.776932,-8.321433,3
0.17233,-0.08542,18.776932,-8.321433,3
0.16902,-0.08629,18.776932,-8.321433,3
0.16661,-0.087,18.776932,-8.321433,3
0.16583,-0.0876,18.776932,-8.321433,3
0.16548,-0.08804,18.776932,-8.321433,3
0.16539,-0.08835,18.776932,-8.321433,3
0.16565,-0.08838,18.776932,-8.321433,3
0.16611,-0.08814,18.776932,-8.321433,3
0.16634,-0.08791,18.776932,-8.321433,3
0.16734,-0.08784,18.776932,-8.321433,3
0.16902,-0.08753,18.776932,-8.321433,3
0.17043,-0.0874,18.776932,-8.321433,3
0.17125,-0.08755,18.776932,-8.321433,3
0.17117,-0.08783,18.776932,-8.321433,3
0.16982,-0.08825,18.776932,-8.321433,3
0.16849,-0.0887,18.776932,-8.321433,3
0.16727,-0.08885,18.776932,-8.321433,3
0.16575,-0.08881,18.776932,-8.321433,3
0.16428,-0.08896,18.776932,-8.321433,3
0.16335,-0.08898,15.74112,-8.2667265,3
0.16216,-0.0891,15.74112,-8.2667265,3
0.16116,-0.08934,15.74112,-8.2667265,3
0.16063,-0.08973,15.74112,-8.2667265,3
0.15996,-0.0902,15.74112,-8.2667265,3
0.15918,-0.09059,15.74112,-8.2667265,3
0.15868,-0.09099,15.74112,-8.2667265,3
0.15878,-0.09111,15.74112,-8.2667265,3
0.15985,-0.09097,15.74112,-8.2667265,3
0.16211,-0.09052,15.74112,-8.2667265,3
0.164,-0.09013,15.74112,-8.2667265,3
0.16574,-0.09001,15.74112,-8.2667265,3
0.16802,-0.08975,15.74112,-8.2667265,3
0.16874,-0.08887,15.74112,-8.2667265,3
0.16757,-0.08775,15.74112,-8.2667265,3
0.16604,-0.0867,15.74112,-8.2667265,3
0.16509,-0.0861,11.245909,-5.8550515,3
0.16331,-0.08626,11.245909,-5.8550515,3
0.16185,-0.08686,11.245909,-5.8550515,3
0.16093,-0.08737,11.245909,-5.8550515,3
0.16122,-0.08748,11.245909,-5.8550515,3
0.01104,-0.2204,-10.265191,7.6632953,4
0.01136,-0.22036,-10.265191,7.6632953,4
0.01201,-0.21982,-10.265191,7.6632953,4
0.01255,-0.21893,-10.265191,7.6632953,4
0.0133,-0.21808,-10.265191,7.6632953,4
0.01396,-0.21766,-10.265191,7.6632953,4
0.01438,-0.2174,-10.265191,7.6632953,4
0.01401,-0.21688,-10.265191,7.6632953,4
0.01271,-0.21612,-10.265191,7.6632953,4
0.01145,-0.2153,-10.265191,7.6632953,4
0.01125,-0.21469,-10.265191,7.6632953,4
0.01203,-0.2143,-10.265191,7.6632953,4
0.01329,-0.21411,-9.120379,9.901157,4
0.01451,-0.21353,-9.120379,9.901157,4
0.01521,-0.21256,-9.120379,9.901157,4
0.01587,-0.21146,-9.120379,9.901157,4
0.01698,-0.21075,-9.120379,9.901157,4
0.01812,-0.21077,-9.120379,9.901157,4
0.01871,-0.21091,-9.120379,9.901157,4
0.01871,-0.211,-9.120379,9.901157,4
0.01798,-0.21144,-9.120379,9.901157,4
0.01717,-0.21219,-9.120379,9.901157,4
0.01657,-0.21336,-9.120379,9.901157,4
0.01571,-0.21444,-9.120379,9.901157,4
0.01479,-0.21497,-9.120379,9.901157,4
0.01479,-0.215,-9.120379,9.901157,4
0.01547,-0.21481,-8.585878,8.00992,4
0.01629,-0.21443,-8.585878,8.00992,4
0.01704,-0.21355,-8.585878,8.00992,4
0.01858,-0.21218,-8.585878,8.00992,4
0.02082,-0.21078,-8.585878,8.00992,4
0.02254,-0.20996,-8.585878,8.00992,4
0.02269,-0.2102,-8.585878,8.00992,4
0.02022,-0.21151,-8.585878,8.00992,4
0.01742,-0.21335,-8.585878,8.00992,4
0.01574,-0.21498,-8.585878,8.00992,4
0.01437,-0.21602,-8.585878,8.00992,4
0.01323,-0.21649,-8.585878,8.00992,4
0.01241,-0.21614,-8.585878,8.00992,4
0.01248,-0.21539,-8.585878,8.00992,4
0.01386,-0.21491,-8.585878,8.00992,4
0.01583,-0.21501,-8.585878,8.00992,4
0.01689,-0.21522,-11.030006,8.598764,4
0.01686,-0.21527,-11.030006,8.598764,4
0.01663,-0.21485,-11.030006,8.598764,4
0.0169,-0.21418,-11.030006,8.598764,4
0.01756,-0.21313,-11.030006,8.598764,4
0.01787,-0.21165,-11.030006,8.598764,4
0.01804,-0.21004,-11.030006,8.598764,4
0.01854,-0.2084,-11.030006,8.598764,4
0.01961,-0.20684,-11.030006,8.598764,4
0.02082,-0.20554,-11.030006,8.598764,4
0.0217,-0.2047,-11.030006,8.598764,4
0.0217,-0.20396,-11.030006,8.598764,4
0.02159,-0.20304,-11.030006,8.598764,4
0.02179,-0.20236,-11.030006,8.598764,4
0.02187,-0.20185,-11.030006,8.598764,4
0.02152,-0.20154,-11.943637,13.842206,4
0.02045,-0.20125,-11.943637,13.842206,4
0.01943,-0.20117,-11.943637,13.842206,4
0.01876,-0.20108,-11.943637,13.842206,4
0.01822,-0.20081,-11.943637,13.842206,4
0.01793,-0.20004,-11.943637,13.842206,4
0.01819,-0.19958,-11.943637,13.842206,4
0.01893,-0.19906,-11.943637,13.842206,4
0.01961,-0.19778,-11.943637,13.842206,4
0.02101,-0.19636,-11.943637,13.842206,4
0.02312,-0.19565,-11.943637,13.842206,4
0.02453,-0.19521,-11.943637,13.842206,4
0.02528,-0.19474,-11.943637,13.842206,4
0.02617,-0.19431,-11.943637,13.842206,4
0.02644,-0.19419,-11.943637,13.842206,4
0.02613,-0.19467,-11.943637,13.842206,4
0.02478,-0.19599,-12.623629,11.790585,4
0.02263,-0.1987,-12.623629,11.790585,4
0.02059,-0.20284,-12.623629,11.790585,4
0.01885,-0.20718,-12.623629,11.790585,4
0.01789,-0.21025,-12.623629,11.790585,4
0.01767,-0.21106,-12.623629,11.790585,4
0.01772,-0.2099,-12.623629,11.790585,4
0.01873,-0.20712,-12.623629,11.790585,4
0.02053,-0.20312,-12.623629,11.790585,4
0.02351,-0.19817,-12.623629,11.790585,4
0.02667,-0.19331,-12.623629,11.790585,4
0.02972,-0.18908,-12.623629,11.790585,4
0.03137,-0.18542,-12.623629,11.790585,4
0.03199,-0.18191,-12.623629,11.790585,4
0.03189,-0.17825,-12.623629,11.790585,4
0.03198,-0.17415,-9.26254,7.269497,4
0.03287,-0.17013,-9.26254,7.269497,4
0.03447,-0.16698,-9.26254,7.269497,4
0.03653,-0.16463,-9.26254,7.269497,4
0.03894,-0.16232,-9.26254,7.269497,4
0.04159,-0.15977,-9.26254,7.269497,4
0.04465,-0.15694,-9.26254,7.269497,4
0.04776,-0.15459,-9.26254,7.269497,4
0.05063,-0.15286,-9.26254,7.269497,4
0.05303,-0.15197,-9.26254,7.269497,4
0.05544,-0.15167,-9.26254,7.269497,4
0.05926,-0.15217,-9.26254,7.269497,4
0.06573,-0.1533,-9.26254,7.269497,4
0.07369,-0.15523,-9.26254,7.269497,4
0.08205,-0.15747,-9.26254,7.269497,4
0.09066,-0.15976,-6.199209,9.468422,4
0.09917,-0.16239,-6.199209,9.468422,4
0.10712,-0.16638,-6.199209,9.468422,4
0.11477,-0.17271,-6.199209,9.468422,4
0.12229,-0.18078,-6.199209,9.468422,4
0.12993,-0.1892,-6.199209,9.468422,4
0.13713,-0.19763,-6.199209,9.468422,4
0.14326,-0.2063,-6.199209,9.468422,4
0.14846,-0.21535,-6.199209,9.468422,4
0.15235,-0.22458,-6.199209,9.468422,4
0.1538,-0.23254,-6.199209,9.468422,4
0.1528,-0.23913,-6.199209,9.468422,4
0.15084,-0.24413,-6.199209,9.468422,4
0.14895,-0.24907,-6.199209,9.468422,4
0.14728,-0.253,-6.199209,9.468422,4
0.14547,-0.256,0.91247505,6.3251996,4
0.14253,-0.25854,0.91247505,6.3251996,4
0.13832,-0.26117,0.91247505,6.3251996,4
0.13363,-0.26363,0.91247505,6.3251996,4
0.13017,-0.2654,0.91247505,6.3251996,4
0.12827,-0.26613,0.91247505,6.3251996,4
0.12755,-0.26605,0.91247505,6.3251996,4
0.12784,-0.26518,0.91247505,6.3251996,4
0.1286,-0.26364,0.91247505,6.3251996,4
0.13,-0.26175,0.91247505,6.3251996,4
0.13073,-0.25974,0.91247505,6.3251996,4
0.13084,-0.25793,0.91247505,6.3251996,4
0.13083,-0.2562,0.91247505,6.3251996,4
0.13079,-0.25462,0.91247505,6.3251996,4
0.13117,-0.25291,0.91247505,6.3251996,4
0.13154,-0.25088,0.91247505,6.3251996,4
0.13166,-0.24859,0.91247505,6.3251996,4
0.13211,-0.24621,0.91247505,6.3251996,4
0.13245,-0.24385,0.91247505,6.3251996,4
0.13235,-0.24168,0.91247505,6.3251996,4
0.13124,-0.23971,0.91247505,6.3251996,4
0.12958,-0.23809,0.91247505,6.3251996,4
0.1284,-0.23709,0.91247505,6.3251996,4
0.12673,-0.23653,0.91247505,6.3251996,4
0.12492,-0.23667,0.91247505,6.3251996,4
0.12296,-0.23727,0.91247505,6.3251996,4
0.12116,-0.2381,0.91247505,6.3251996,4
0.11976,-0.23914,0.91247505,6.3251996,4
0.1191,-0.23981,0.91247505,6.3251996,4
0.1183,-0.23984,0.91247505,6.3251996,4
0.11784,-0.23857,-17.758142,18.389065,4
0.11756,-0.23619,-17.758142,18.389065,4
0.11782,-0.23345,-17.758142,18.389065,4
0.11812,-0.23082,-17.758142,18.389065,4
0.11823,-0.22832,-17.758142,18.389065,4
0.11807,-0.22602,-17.758142,18.389065,4
0.11812,-0.22384,-17.758142,18.389065,4
0.11854,-0.22177,-17.758142,18.389065,4
0.11916,-0.21982,-17.758142,18.389065,4
0.11999,-0.21834,-17.758142,18.389065,4
0.12064,-0.21717,-17.758142,18.389065,4
0.12092,-0.21594,-17.758142,18.389065,4
0.12101,-0.2143,-17.758142,18.389065,4
0.12133,-0.21251,-17.758142,18.389065,4
0.12176,-0.21124,-17.758142,18.389065,4
0.12173,-0.21033,-16.677021,15.031886,4
0.12159,-0.20973,-16.677021,15.031886,4
0.1218,-0.2095,-16.677021,15.031886,4
0.12213,-0.20938,-16.677021,15.031886,4
0.12272,-0.20904,-16.677021,15.031886,4
0.12324,-0.20846,-16.677021,15.031886,4
0.1232,-0.20775,-16.677021,15.031886,4
0.12242,-0.20706,-16.677021,15.031886,4
0.12087,-0.20656,-16.677021,15.031886,4
0.11869,-0.20636,-16.677021,15.031886,4
0.11605,-0.20632,-16.677021,15.031886,4
0.11338,-0.20637,-16.677021,15.031886,4
0.11152,-0.20687,-16.677021,15.031886,4
0.11046,-0.20692,-16.677021,15.031886,4
0.10993,-0.20634,-16.677021,15.031886,4
0.1097,-0.2052,-14.856239,15.85125,4
0.10986,-0.20391,-14.856239,15.85125,4
0.11019,-0.20327,-14.856239,15.85125,4
0.11052,-0.20315,-14.856239,15.85125,4
0.11068,-0.20325,-14.856239,15.85125,4
0.1111,-0.20333,-14.856239,15.85125,4
0.11165,-0.2034,-14.856239,15.85125,4
0.11186,-0.20322,-14.856239,15.85125,4
0.11171,-0.20272,-14.856239,15.85125,4
0.11141,-0.20204,-14.856239,15.85125,4
0.11072,-0.20132,-14.856239,15.85125,4
0.10958,-0.20045,-14.856239,15.85125,4
0.10855,-0.19948,-14.856239,15.85125,4
0.10768,-0.19868,-14.856239,15.85125,4
0.10704,-0.19828,-14.856239,15.85125,4
0.10658,-0.19834,-14.856239,15.85125,4
0.10602,-0.19845,-14.133882,10.735386,4
0.10547,-0.19842,-14.133882,10.735386,4
0.10523,-0.19834,-14.133882,10.735386,4
0.10493,-0.19834,-14.133882,10.735386,4
0.10492,-0.19831,-14.133882,10.735386,4
0.1051,-0.19831,-14.133882,10.735386,4
0.10536,-0.19813,-14.133882,10.735386,4
0.10515,-0.19777,-14.133882,10.735386,4
0.10428,-0.19762,-14.133882,10.735386,4
0.10334,-0.19776,-14.133882,10.735386,4
0.10194,-0.19788,-14.133882,10.735386,4
0.1009,-0.1981,-14.133882,10.735386,4
0.1001,-0.19836,-14.133882,10.735386,4
0.09908,-0.19854,-14.133882,10.735386,4
0.09858,-0.1987,-14.133882,10.735386,4
0.09759,-0.19872,-11.780278,8.277815,4
0.09649,-0.19873,-11.780278,8.277815,4
0.0961,-0.1984,-11.780278,8.277815,4
0.09639,-0.19786,-11.780278,8.277815,4
0.09765,-0.19736,-11.780278,8.277815,4
0.09824,-0.19735,-11.780278,8.277815,4
0.09781,-0.19748,-11.780278,8.277815,4
0.09689,-0.19745,-11.780278,8.277815,4
0.09621,-0.19729,-11.780278,8.277815,4
0.09629,-0.19698,-11.780278,8.277815,4
0.09652,-0.1965,-11.780278,8.277815,4
0.09619,-0.19603,-11.780278,8.277815,4
0.0956,-0.19544,-11.780278,8.277815,4
0.09498,-0.1947,-11.780278,8.277815,4
0.09473,-0.19384,-11.780278,8.277815,4
0.0948,-0.19329,-13.35865,10.07485,4
0.09455,-0.19338,-13.35865,10.07485,4
0.09392,-0.19419,-13.35865,10.07485,4
0.0934,-0.19505,-13.35865,10.07485,4
0.09336,-0.19567,-13.35865,10.07485,4
0.09371,-0.19594,-13.35865,10.07485,4
0.09417,-0.19591,-13.35865,10.07485,4
0.09455,-0.19558,-13.35865,10.07485,4
0.09456,-0.19513,-13.35865,10.07485,4
0.09495,-0.19455,-13.35865,10.07485,4
0.09513,-0.19409,-13.35865,10.07485,4
0.09513,-0.19384,-13.35865,10.07485,4
0.09492,-0.19373,-13.35865,10.07485,4
0.0942,-0.19354,0.36765,0.23649,4